1,Dulce,Abril,Female,United States,32,15/10/2017
2,Mara,Hashimoto,Female,Great Britain,25,16/08/2016
3,Philip,Gent,Male,France,36,21/05/2015
4,Kathleen,Hanner,Female,United States,25,15/10/2017
5,Nereida,Magwood,Female,United States,58,16/08/2016
6,Gaston,Brumm,Male,United States,24,21/05/2015
7,Etta,Hurn,Female,Great Britain,56,15/10/2017
8,Earlean,Melgar,Female,United States,27,16/08/2016
9,Vincenza,Weiland,Female,United States,40,21/05/2015
10,Fallon,Winward,Female,Great Britain,28,16/08/2016
11,Arcelia,Bouska,Female,Great Britain,39,21/05/2015
12,Franklyn,Unknow,Male,France,38,15/10/2017